{
    "loss": 0.18812915682792664,
    "accuracy": 0.9568345546722412
}