{
    "loss": 11.560378074645996,
    "accuracy": 0.5467625856399536
}